{"cameraMode":{"drawMode":0,"name":"Shaded","section":"Shading Mode"},"sceneLighting":false,"audioPlay":false,"sceneViewState":{"showFog":true,"showMaterialUpdate":true,"showSkybox":true,"showFlares":true,"showImageEffects":true,"showParticleSystems":true},"in2DMode":false,"pivot":{"x":97.32710266113281,"y":-35.945098876953128,"z":56.1204948425293},"rotation":{"x":-0.15432702004909516,"y":-0.5216344594955444,"z":0.09644147753715515,"w":-0.8336114287376404},"size":131.6578826904297,"orthographic":false}