{"cameraMode":{"drawMode":0,"name":"Shaded","section":"Shading Mode"},"sceneLighting":false,"audioPlay":false,"sceneViewState":{"showFog":true,"showMaterialUpdate":true,"showSkybox":false,"showFlares":true,"showImageEffects":true,"showParticleSystems":true},"in2DMode":false,"pivot":{"x":188.7058563232422,"y":1.210693359375,"z":307.5359802246094},"rotation":{"x":-0.1816028356552124,"y":-0.39567193388938906,"z":0.08012963086366654,"w":-0.8967484831809998},"size":3.998485803604126,"orthographic":false}