{"cameraMode":{"drawMode":0,"name":"Shaded","section":"Shading Mode"},"sceneLighting":false,"audioPlay":false,"sceneViewState":{"showFog":true,"showMaterialUpdate":true,"showSkybox":false,"showFlares":true,"showImageEffects":true,"showParticleSystems":true},"in2DMode":false,"pivot":{"x":26.25025177001953,"y":4.6935200691223148,"z":59.38029861450195},"rotation":{"x":0.001095362356863916,"y":0.9983536005020142,"z":-0.05545414239168167,"w":0.018604381009936334},"size":2.3547797203063967,"orthographic":false}