{"cameraMode":{"drawMode":0,"name":"Shaded","section":"Shading Mode"},"sceneLighting":false,"audioPlay":false,"sceneViewState":{"showFog":true,"showMaterialUpdate":true,"showSkybox":false,"showFlares":true,"showImageEffects":true,"showParticleSystems":true},"in2DMode":false,"pivot":{"x":31.710369110107423,"y":2.869826316833496,"z":59.72990798950195},"rotation":{"x":-0.0074846562929451469,"y":-0.9889520406723023,"z":0.13884620368480683,"w":-0.052625466138124469},"size":21.3876895904541,"orthographic":false}