{"cameraMode":{"drawMode":0,"name":"Shaded","section":"Shading Mode"},"sceneLighting":true,"audioPlay":false,"sceneViewState":{"showFog":false,"showMaterialUpdate":false,"showSkybox":false,"showFlares":false,"showImageEffects":false,"showParticleSystems":false},"in2DMode":false,"pivot":{"x":26.158315658569337,"y":4.025378704071045,"z":57.329551696777347},"rotation":{"x":0.0005399975925683975,"y":-0.9988609552383423,"z":0.046470917761325839,"w":0.013042897917330265},"size":6.757894992828369,"orthographic":false}