{"cameraMode":{"drawMode":0,"name":"Shaded","section":"Shading Mode"},"sceneLighting":false,"audioPlay":false,"sceneViewState":{"showFog":true,"showMaterialUpdate":true,"showSkybox":false,"showFlares":true,"showImageEffects":true,"showParticleSystems":true},"in2DMode":false,"pivot":{"x":-4.546999931335449,"y":0.6724399328231812,"z":9.42199993133545},"rotation":{"x":-0.0014684071065858007,"y":-0.9984126091003418,"z":0.049772053956985477,"w":-0.029902499169111253},"size":8.567346572875977,"orthographic":false}