{"cameraMode":{"drawMode":0,"name":"Shaded","section":"Shading Mode"},"sceneLighting":false,"audioPlay":false,"sceneViewState":{"showFog":true,"showMaterialUpdate":true,"showSkybox":false,"showFlares":true,"showImageEffects":true,"showParticleSystems":true},"in2DMode":false,"pivot":{"x":-2.1559998989105226,"y":10.413999557495118,"z":-14.161935806274414},"rotation":{"x":0.10049306601285935,"y":0.055502455681562427,"z":-0.005613013636320829,"w":0.9933722019195557},"size":-14.92692756652832,"orthographic":false}