{"cameraMode":{"drawMode":0,"name":"Shaded","section":"Shading Mode"},"sceneLighting":false,"audioPlay":false,"sceneViewState":{"showFog":true,"showMaterialUpdate":true,"showSkybox":false,"showFlares":true,"showImageEffects":true,"showParticleSystems":true},"in2DMode":false,"pivot":{"x":-2.629520893096924,"y":0.7876085042953491,"z":3.8606114387512209},"rotation":{"x":-0.012572322972118855,"y":0.3651373088359833,"z":0.004915502388030291,"w":0.930893063545227},"size":4.566606044769287,"orthographic":false}