{"cameraMode":{"drawMode":0,"name":"Shaded","section":"Shading Mode"},"sceneLighting":true,"audioPlay":false,"sceneViewState":{"showFog":false,"showMaterialUpdate":false,"showSkybox":false,"showFlares":false,"showImageEffects":false,"showParticleSystems":false},"in2DMode":false,"pivot":{"x":26.166519165039064,"y":4.7844696044921879,"z":60.33773422241211},"rotation":{"x":0.0004711664223577827,"y":-0.9985191226005554,"z":0.053962092846632007,"w":0.010043435730040074},"size":1.502817153930664,"orthographic":false}