{"cameraMode":{"drawMode":0,"name":"Shaded","section":"Shading Mode"},"sceneLighting":true,"audioPlay":false,"sceneViewState":{"showFog":true,"showMaterialUpdate":true,"showSkybox":false,"showFlares":true,"showImageEffects":true,"showParticleSystems":true},"in2DMode":false,"pivot":{"x":26.160348892211915,"y":4.369267463684082,"z":59.68669891357422},"rotation":{"x":0.0003024145553354174,"y":0.9995874762535095,"z":-0.02998580038547516,"w":0.008131434209644795},"size":2.1955690383911135,"orthographic":false}