{"cameraMode":{"drawMode":0,"name":"Shaded","section":"Shading Mode"},"sceneLighting":false,"audioPlay":false,"sceneViewState":{"showFog":true,"showMaterialUpdate":true,"showSkybox":false,"showFlares":true,"showImageEffects":true,"showParticleSystems":true},"in2DMode":false,"pivot":{"x":1.4901161193847657e-8,"y":0.0,"z":-2.9802322387695315e-8},"rotation":{"x":0.19263233244419099,"y":0.16863490641117097,"z":-0.03362490236759186,"w":0.966107964515686},"size":1.0693811178207398,"orthographic":false}