{"cameraMode":{"drawMode":0,"name":"Shaded","section":"Shading Mode"},"sceneLighting":false,"audioPlay":false,"sceneViewState":{"showFog":true,"showMaterialUpdate":true,"showSkybox":false,"showFlares":true,"showImageEffects":true,"showParticleSystems":true},"in2DMode":false,"pivot":{"x":0.0014464110136032105,"y":0.021561134606599809,"z":-0.07988569885492325},"rotation":{"x":0.2277267724275589,"y":0.025133468210697175,"z":-0.005878178868442774,"w":0.9733829498291016},"size":0.3710762858390808,"orthographic":false}