{"cameraMode":{"drawMode":0,"name":"Shaded","section":"Shading Mode"},"sceneLighting":false,"audioPlay":false,"sceneViewState":{"showFog":true,"showMaterialUpdate":true,"showSkybox":true,"showFlares":true,"showImageEffects":true,"showParticleSystems":true},"in2DMode":false,"pivot":{"x":65.14740753173828,"y":-33.33497619628906,"z":89.27242279052735},"rotation":{"x":0.14494004845619203,"y":0.24132795631885529,"z":-0.036391183733940127,"w":0.9589372873306274},"size":143.6430206298828,"orthographic":false}