{"cameraMode":{"drawMode":0,"name":"Shaded","section":"Shading Mode"},"sceneLighting":false,"audioPlay":false,"sceneViewState":{"showFog":true,"showMaterialUpdate":true,"showSkybox":false,"showFlares":true,"showImageEffects":true,"showParticleSystems":true},"in2DMode":false,"pivot":{"x":25.086566925048829,"y":2.8048505783081056,"z":16.29166603088379},"rotation":{"x":0.057867106050252917,"y":-0.9416577219963074,"z":0.24999330937862397,"w":0.2179044634103775},"size":22.0,"orthographic":false}