{"cameraMode":{"drawMode":0,"name":"Shaded","section":"Shading Mode"},"sceneLighting":false,"audioPlay":false,"sceneViewState":{"showFog":true,"showMaterialUpdate":true,"showSkybox":false,"showFlares":true,"showImageEffects":true,"showParticleSystems":true},"in2DMode":false,"pivot":{"x":-2.1559998989105226,"y":10.413999557495118,"z":-14.157999992370606},"rotation":{"x":0.009715570136904717,"y":-0.44005170464515688,"z":0.004763622302561998,"w":0.8979072570800781},"size":0.616011381149292,"orthographic":false}