{"cameraMode":{"drawMode":0,"name":"Shaded","section":"Shading Mode"},"sceneLighting":true,"audioPlay":false,"sceneViewState":{"showFog":false,"showMaterialUpdate":false,"showSkybox":false,"showFlares":false,"showImageEffects":false,"showParticleSystems":false},"in2DMode":false,"pivot":{"x":25.945068359375,"y":4.774271488189697,"z":60.354312896728519},"rotation":{"x":0.01205674558877945,"y":0.9780484437942505,"z":-0.05873328074812889,"w":0.19992391765117646},"size":1.6015591621398926,"orthographic":false}