{"cameraMode":{"drawMode":0,"name":"Shaded","section":"Shading Mode"},"sceneLighting":false,"audioPlay":false,"sceneViewState":{"showFog":true,"showMaterialUpdate":true,"showSkybox":false,"showFlares":true,"showImageEffects":true,"showParticleSystems":true},"in2DMode":false,"pivot":{"x":2.963545560836792,"y":1.012595295906067,"z":5.687885761260986},"rotation":{"x":0.008884587325155735,"y":-0.9905700087547302,"z":0.1134205311536789,"w":0.07776424288749695},"size":0.5805483460426331,"orthographic":false}