{"cameraMode":{"drawMode":0,"name":"Shaded","section":"Shading Mode"},"sceneLighting":false,"audioPlay":false,"sceneViewState":{"showFog":true,"showMaterialUpdate":true,"showSkybox":false,"showFlares":true,"showImageEffects":true,"showParticleSystems":true},"in2DMode":false,"pivot":{"x":0.058527231216430667,"y":0.838475227355957,"z":0.262143611907959},"rotation":{"x":0.19701261818408967,"y":0.7696898579597473,"z":-0.2817983329296112,"w":0.537976086139679},"size":13.196556091308594,"orthographic":false}