{"cameraMode":{"drawMode":0,"name":"Shaded","section":"Shading Mode"},"sceneLighting":false,"audioPlay":false,"sceneViewState":{"showFog":true,"showMaterialUpdate":true,"showSkybox":false,"showFlares":true,"showImageEffects":true,"showParticleSystems":true},"in2DMode":false,"pivot":{"x":-0.31173670291900637,"y":1.6208157539367676,"z":3.689615488052368},"rotation":{"x":0.20160748064517976,"y":0.16025269031524659,"z":-0.03345203772187233,"w":0.9657105207443237},"size":8.291849136352539,"orthographic":false}