{"cameraMode":{"drawMode":0,"name":"Shaded","section":"Shading Mode"},"sceneLighting":false,"audioPlay":false,"sceneViewState":{"showFog":true,"showMaterialUpdate":true,"showSkybox":true,"showFlares":true,"showImageEffects":true,"showParticleSystems":true},"in2DMode":false,"pivot":{"x":-3.564626693725586,"y":3.2431466579437258,"z":24.607086181640626},"rotation":{"x":-0.10019656270742417,"y":-0.8791744112968445,"z":0.21233637630939485,"w":-0.4147579073905945},"size":5.504481792449951,"orthographic":false}