{"cameraMode":{"drawMode":0,"name":"Shaded","section":"Shading Mode"},"sceneLighting":true,"audioPlay":false,"sceneViewState":{"showFog":true,"showMaterialUpdate":true,"showSkybox":false,"showFlares":true,"showImageEffects":true,"showParticleSystems":true},"in2DMode":false,"pivot":{"x":2.0253396034240724,"y":5.578903675079346,"z":46.23460006713867},"rotation":{"x":-0.02434597909450531,"y":-0.892211377620697,"z":-0.048185572028160098,"w":0.4485258162021637},"size":40.010372161865237,"orthographic":false}