{"cameraMode":{"drawMode":0,"name":"Shaded","section":"Shading Mode"},"sceneLighting":true,"audioPlay":false,"sceneViewState":{"showFog":false,"showMaterialUpdate":false,"showSkybox":false,"showFlares":false,"showImageEffects":false,"showParticleSystems":false},"in2DMode":false,"pivot":{"x":26.56838035583496,"y":4.160073280334473,"z":59.977699279785159},"rotation":{"x":0.009723575785756112,"y":-0.9900817275047302,"z":0.10734263807535172,"w":0.09040959924459458},"size":3.401561975479126,"orthographic":false}