{"cameraMode":{"drawMode":0,"name":"Shaded","section":"Shading Mode"},"sceneLighting":false,"audioPlay":false,"sceneViewState":{"showFog":true,"showMaterialUpdate":true,"showSkybox":false,"showFlares":true,"showImageEffects":true,"showParticleSystems":true},"in2DMode":false,"pivot":{"x":-2.7086732387542726,"y":-0.036955833435058597,"z":-19.526464462280275},"rotation":{"x":0.002259966218844056,"y":-0.9962171912193298,"z":0.030139949172735215,"w":0.08174499124288559},"size":21.485570907592775,"orthographic":false}