{"cameraMode":{"drawMode":0,"name":"Shaded","section":"Shading Mode"},"sceneLighting":false,"audioPlay":false,"sceneViewState":{"showFog":true,"showMaterialUpdate":true,"showSkybox":true,"showFlares":true,"showImageEffects":true,"showParticleSystems":true},"in2DMode":false,"pivot":{"x":2.690000057220459,"y":0.847000002861023,"z":5.300000190734863},"rotation":{"x":-0.051525015383958819,"y":-0.9476141333580017,"z":0.24398989975452424,"w":-0.20015598833560944},"size":3.414663076400757,"orthographic":false}