{"cameraMode":{"drawMode":0,"name":"Shaded","section":"Shading Mode"},"sceneLighting":false,"audioPlay":false,"sceneViewState":{"showFog":true,"showMaterialUpdate":true,"showSkybox":false,"showFlares":true,"showImageEffects":true,"showParticleSystems":true},"in2DMode":false,"pivot":{"x":-15.923730850219727,"y":5.851583480834961,"z":-11.92288589477539},"rotation":{"x":0.014685923233628273,"y":-0.03784432262182236,"z":-0.0004047738329973072,"w":-0.9992687702178955},"size":58.09192657470703,"orthographic":false}