{"cameraMode":{"drawMode":0,"name":"Shaded","section":"Shading Mode"},"sceneLighting":false,"audioPlay":false,"sceneViewState":{"showFog":true,"showMaterialUpdate":true,"showSkybox":false,"showFlares":true,"showImageEffects":true,"showParticleSystems":true},"in2DMode":false,"pivot":{"x":-2.800996780395508,"y":-0.895401120185852,"z":0.06524242460727692},"rotation":{"x":0.05655871704220772,"y":-0.8995853662490845,"z":0.12246938794851303,"w":0.41541051864624026},"size":8.134160041809082,"orthographic":false}