{"cameraMode":{"drawMode":0,"name":"Shaded","section":"Shading Mode"},"sceneLighting":false,"audioPlay":false,"sceneViewState":{"showFog":true,"showMaterialUpdate":true,"showSkybox":false,"showFlares":true,"showImageEffects":true,"showParticleSystems":true},"in2DMode":false,"pivot":{"x":0.0013125836849212647,"y":-0.013621196150779724,"z":-0.0818362757563591},"rotation":{"x":0.016805531457066537,"y":0.04229600727558136,"z":-0.0007095743203535676,"w":0.9989635348320007},"size":0.39961719512939455,"orthographic":false}