{"cameraMode":{"drawMode":0,"name":"Shaded","section":"Shading Mode"},"sceneLighting":false,"audioPlay":false,"sceneViewState":{"showFog":true,"showMaterialUpdate":true,"showSkybox":false,"showFlares":true,"showImageEffects":true,"showParticleSystems":true},"in2DMode":false,"pivot":{"x":12.199999809265137,"y":3.740799903869629,"z":18.8700008392334},"rotation":{"x":-0.1915416717529297,"y":-0.5258718729019165,"z":0.06888233870267868,"w":-0.8259660005569458},"size":99.6561050415039,"orthographic":false}