{"cameraMode":{"drawMode":0,"name":"Shaded","section":"Shading Mode"},"sceneLighting":false,"audioPlay":false,"sceneViewState":{"showFog":true,"showMaterialUpdate":true,"showSkybox":false,"showFlares":true,"showImageEffects":true,"showParticleSystems":true},"in2DMode":false,"pivot":{"x":24.859527587890626,"y":15.663222312927246,"z":57.87356185913086},"rotation":{"x":-0.0019419885938987136,"y":-0.9981855750083923,"z":-0.03895366191864014,"w":0.04726928099989891},"size":71.45526885986328,"orthographic":false}