{"cameraMode":{"drawMode":0,"name":"Shaded","section":"Shading Mode"},"sceneLighting":false,"audioPlay":false,"sceneViewState":{"showFog":true,"showMaterialUpdate":true,"showSkybox":false,"showFlares":true,"showImageEffects":true,"showParticleSystems":true},"in2DMode":false,"pivot":{"x":26.41309356689453,"y":3.8973536491394045,"z":60.91640090942383},"rotation":{"x":0.004337215796113014,"y":0.9957571625709534,"z":-0.0613018274307251,"w":0.06944938004016876},"size":2.3547797203063967,"orthographic":false}