{"cameraMode":{"drawMode":0,"name":"Shaded","section":"Shading Mode"},"sceneLighting":false,"audioPlay":false,"sceneViewState":{"showFog":true,"showMaterialUpdate":true,"showSkybox":true,"showFlares":true,"showImageEffects":true,"showParticleSystems":true},"in2DMode":false,"pivot":{"x":-0.05000007152557373,"y":1.1404417753219605,"z":59.30699920654297},"rotation":{"x":0.06063451990485191,"y":0.9395884871482849,"z":-0.24059081077575684,"w":0.2359037548303604},"size":3.0293545722961427,"orthographic":false}