{"cameraMode":{"drawMode":0,"name":"Shaded","section":"Shading Mode"},"sceneLighting":false,"audioPlay":false,"sceneViewState":{"showFog":true,"showMaterialUpdate":true,"showSkybox":false,"showFlares":true,"showImageEffects":true,"showParticleSystems":true},"in2DMode":false,"pivot":{"x":-10.261245727539063,"y":-10.274482727050782,"z":28.391605377197267},"rotation":{"x":0.18309196829795838,"y":0.08424858003854752,"z":-0.015748227015137674,"w":0.9793526530265808},"size":0.3984437584877014,"orthographic":false}