{"cameraMode":{"drawMode":0,"name":"Shaded","section":"Shading Mode"},"sceneLighting":true,"audioPlay":false,"sceneViewState":{"showFog":true,"showMaterialUpdate":true,"showSkybox":false,"showFlares":true,"showImageEffects":true,"showParticleSystems":true},"in2DMode":false,"pivot":{"x":19.45989990234375,"y":16.76863670349121,"z":71.22920227050781},"rotation":{"x":-0.0008554172818548977,"y":-0.9984726309776306,"z":-0.013483187183737755,"w":0.054790787398815158},"size":28.56374168395996,"orthographic":false}