{"cameraMode":{"drawMode":0,"name":"Shaded","section":"Shading Mode"},"sceneLighting":false,"audioPlay":false,"sceneViewState":{"showFog":true,"showMaterialUpdate":true,"showSkybox":false,"showFlares":true,"showImageEffects":true,"showParticleSystems":true},"in2DMode":false,"pivot":{"x":33.356597900390628,"y":3.375089168548584,"z":69.54103088378906},"rotation":{"x":-0.08997061848640442,"y":-0.812933623790741,"z":0.13028550148010255,"w":-0.5605345964431763},"size":36.43213653564453,"orthographic":false}