{"cameraMode":{"drawMode":0,"name":"Shaded","section":"Shading Mode"},"sceneLighting":false,"audioPlay":false,"sceneViewState":{"showFog":true,"showMaterialUpdate":true,"showSkybox":true,"showFlares":true,"showImageEffects":true,"showParticleSystems":true},"in2DMode":false,"pivot":{"x":1.4322867393493653,"y":4.079593658447266,"z":36.45357894897461},"rotation":{"x":0.19077633321285249,"y":0.02261340618133545,"z":-0.004358649719506502,"w":0.9814313054084778},"size":3.1731579303741457,"orthographic":false}