{"cameraMode":{"drawMode":0,"name":"Shaded","section":"Shading Mode"},"sceneLighting":false,"audioPlay":false,"sceneViewState":{"showFog":true,"showMaterialUpdate":true,"showSkybox":false,"showFlares":true,"showImageEffects":true,"showParticleSystems":true},"in2DMode":false,"pivot":{"x":-208.0,"y":0.21741972863674165,"z":7.802999973297119},"rotation":{"x":0.05739527568221092,"y":0.970671534538269,"z":-0.22794322669506074,"w":0.05221278592944145},"size":585.6929321289063,"orthographic":false}