{"cameraMode":{"drawMode":0,"name":"Shaded","section":"Shading Mode"},"sceneLighting":false,"audioPlay":false,"sceneViewState":{"showFog":true,"showMaterialUpdate":true,"showSkybox":false,"showFlares":true,"showImageEffects":true,"showParticleSystems":true},"in2DMode":false,"pivot":{"x":1.8555264472961426,"y":1.4111459255218506,"z":5.355951309204102},"rotation":{"x":-0.125899076461792,"y":-0.7641386985778809,"z":0.15687105059623719,"w":-0.61307692527771},"size":0.4069591760635376,"orthographic":false}