{"cameraMode":{"drawMode":0,"name":"Shaded","section":"Shading Mode"},"sceneLighting":true,"audioPlay":false,"sceneViewState":{"showFog":true,"showMaterialUpdate":true,"showSkybox":false,"showFlares":true,"showImageEffects":true,"showParticleSystems":true},"in2DMode":false,"pivot":{"x":26.300851821899415,"y":4.884660720825195,"z":59.07273483276367},"rotation":{"x":0.001910856575705111,"y":0.9982131719589233,"z":-0.04193665832281113,"w":0.044083502143621448},"size":4.281989097595215,"orthographic":false}