{"cameraMode":{"drawMode":0,"name":"Shaded","section":"Shading Mode"},"sceneLighting":false,"audioPlay":false,"sceneViewState":{"showFog":true,"showMaterialUpdate":true,"showSkybox":false,"showFlares":true,"showImageEffects":true,"showParticleSystems":true},"in2DMode":false,"pivot":{"x":-2.70770001411438,"y":10.501899719238282,"z":-15.75},"rotation":{"x":0.07887868583202362,"y":-0.9062304496765137,"z":0.1948786824941635,"w":0.36681032180786135},"size":2.600724697113037,"orthographic":false}