{"cameraMode":{"drawMode":1,"name":"Wireframe","section":"Shading Mode"},"sceneLighting":false,"audioPlay":false,"sceneViewState":{"showFog":true,"showMaterialUpdate":true,"showSkybox":false,"showFlares":true,"showImageEffects":true,"showParticleSystems":true},"in2DMode":false,"pivot":{"x":0.0,"y":-0.009953737258911133,"z":0.02420812100172043},"rotation":{"x":-0.000955082883592695,"y":0.9479653239250183,"z":-0.3183596432209015,"w":-0.00284390477463603},"size":0.5805485248565674,"orthographic":false}