{"cameraMode":{"drawMode":0,"name":"Shaded","section":"Shading Mode"},"sceneLighting":true,"audioPlay":false,"sceneViewState":{"showFog":true,"showMaterialUpdate":true,"showSkybox":false,"showFlares":true,"showImageEffects":true,"showParticleSystems":true},"in2DMode":false,"pivot":{"x":-1.3030140399932862,"y":-2.3598904609680177,"z":8.342451095581055},"rotation":{"x":0.17842194437980653,"y":-0.4131832718849182,"z":0.08288580179214478,"w":0.889275074005127},"size":6.754235744476318,"orthographic":false}