{"cameraMode":{"drawMode":0,"name":"Shaded","section":"Shading Mode"},"sceneLighting":true,"audioPlay":false,"sceneViewState":{"showFog":true,"showMaterialUpdate":true,"showSkybox":false,"showFlares":true,"showImageEffects":true,"showParticleSystems":true},"in2DMode":false,"pivot":{"x":26.365774154663087,"y":4.778175354003906,"z":60.46601104736328},"rotation":{"x":0.0058523560874164108,"y":0.9940962195396423,"z":-0.06718891859054566,"w":0.08583679050207138},"size":1.901562213897705,"orthographic":false}