{"cameraMode":{"drawMode":0,"name":"Shaded","section":"Shading Mode"},"sceneLighting":false,"audioPlay":false,"sceneViewState":{"showFog":true,"showMaterialUpdate":true,"showSkybox":false,"showFlares":true,"showImageEffects":true,"showParticleSystems":true},"in2DMode":false,"pivot":{"x":-4.235119342803955,"y":0.7418549656867981,"z":12.093791007995606},"rotation":{"x":-0.00228734384290874,"y":0.997518002986908,"z":-0.06323198229074478,"w":-0.03356657549738884},"size":4.2556071281433109,"orthographic":false}