{"cameraMode":{"drawMode":0,"name":"Shaded","section":"Shading Mode"},"sceneLighting":true,"audioPlay":false,"sceneViewState":{"showFog":true,"showMaterialUpdate":true,"showSkybox":false,"showFlares":true,"showImageEffects":true,"showParticleSystems":true},"in2DMode":false,"pivot":{"x":26.19625473022461,"y":3.671827793121338,"z":59.17342758178711},"rotation":{"x":0.0023089153692126276,"y":0.995583176612854,"z":-0.09133906662464142,"w":0.024527009576559068},"size":3.9819889068603517,"orthographic":false}