{"cameraMode":{"drawMode":0,"name":"Shaded","section":"Shading Mode"},"sceneLighting":true,"audioPlay":false,"sceneViewState":{"showFog":true,"showMaterialUpdate":true,"showSkybox":false,"showFlares":true,"showImageEffects":true,"showParticleSystems":true},"in2DMode":false,"pivot":{"x":-29.170429229736329,"y":-4.406825065612793,"z":-3.7035679817199709},"rotation":{"x":-0.0003625179233495146,"y":-0.9997674822807312,"z":0.02098791114985943,"w":-0.012672814540565014},"size":1.554924726486206,"orthographic":false}