{"cameraMode":{"drawMode":0,"name":"Shaded","section":"Shading Mode"},"sceneLighting":false,"audioPlay":false,"sceneViewState":{"showFog":true,"showMaterialUpdate":true,"showSkybox":false,"showFlares":true,"showImageEffects":true,"showParticleSystems":true},"in2DMode":false,"pivot":{"x":-0.030061349272727968,"y":-0.018228203058242799,"z":0.031764596700668338},"rotation":{"x":-0.08928247541189194,"y":0.7841936349868774,"z":-0.11611410230398178,"w":-0.6029818058013916},"size":1.1805486679077149,"orthographic":false}