{"cameraMode":{"drawMode":0,"name":"Shaded","section":"Shading Mode"},"sceneLighting":false,"audioPlay":false,"sceneViewState":{"showFog":true,"showMaterialUpdate":true,"showSkybox":false,"showFlares":true,"showImageEffects":true,"showParticleSystems":true},"in2DMode":false,"pivot":{"x":26.150033950805665,"y":4.735146999359131,"z":60.43720245361328},"rotation":{"x":-0.05826033279299736,"y":0.9230352640151978,"z":-0.15515534579753877,"w":-0.3473646640777588},"size":36.43213653564453,"orthographic":false}