{"cameraMode":{"drawMode":0,"name":"Shaded","section":"Shading Mode"},"sceneLighting":true,"audioPlay":false,"sceneViewState":{"showFog":false,"showMaterialUpdate":false,"showSkybox":false,"showFlares":false,"showImageEffects":false,"showParticleSystems":false},"in2DMode":false,"pivot":{"x":30.008710861206056,"y":11.948227882385254,"z":60.42291259765625},"rotation":{"x":-0.00004494851236813702,"y":-0.9997721910476685,"z":0.022488107904791833,"w":0.0010544623946771026},"size":20.9169864654541,"orthographic":false}