{"cameraMode":{"drawMode":0,"name":"Shaded","section":"Shading Mode"},"sceneLighting":true,"audioPlay":false,"sceneViewState":{"showFog":false,"showMaterialUpdate":false,"showSkybox":false,"showFlares":false,"showImageEffects":false,"showParticleSystems":false},"in2DMode":false,"pivot":{"x":26.081993103027345,"y":3.8455419540405275,"z":61.86366271972656},"rotation":{"x":0.0009052634704858065,"y":0.9955087304115295,"z":-0.008944653905928135,"w":0.09499537944793701},"size":1.6015591621398926,"orthographic":false}