{"cameraMode":{"drawMode":0,"name":"Shaded","section":"Shading Mode"},"sceneLighting":true,"audioPlay":false,"sceneViewState":{"showFog":true,"showMaterialUpdate":true,"showSkybox":false,"showFlares":true,"showImageEffects":true,"showParticleSystems":true},"in2DMode":false,"pivot":{"x":50.62686538696289,"y":1.3887341022491456,"z":-45.526451110839847},"rotation":{"x":-0.001397415529936552,"y":-0.9940969347953796,"z":0.011910167522728444,"w":-0.10846179723739624},"size":126.44926452636719,"orthographic":false}