{"cameraMode":{"drawMode":0,"name":"Shaded","section":"Shading Mode"},"sceneLighting":false,"audioPlay":false,"sceneViewState":{"showFog":true,"showMaterialUpdate":true,"showSkybox":false,"showFlares":true,"showImageEffects":true,"showParticleSystems":true},"in2DMode":false,"pivot":{"x":-0.3837552070617676,"y":2.9247772693634035,"z":-1.8784719705581666},"rotation":{"x":0.05641412362456322,"y":0.9436179995536804,"z":-0.2354026734828949,"w":0.22594872117042542},"size":15.772793769836426,"orthographic":false}