{"cameraMode":{"drawMode":0,"name":"Shaded","section":"Shading Mode"},"sceneLighting":true,"audioPlay":false,"sceneViewState":{"showFog":false,"showMaterialUpdate":false,"showSkybox":false,"showFlares":false,"showImageEffects":false,"showParticleSystems":false},"in2DMode":false,"pivot":{"x":26.117944717407228,"y":4.918091773986816,"z":61.50395202636719},"rotation":{"x":-0.0013563309330493212,"y":-0.9977505207061768,"z":0.06443174183368683,"w":-0.01989905722439289},"size":0.29533058404922488,"orthographic":false}