{"cameraMode":{"drawMode":0,"name":"Shaded","section":"Shading Mode"},"sceneLighting":false,"audioPlay":false,"sceneViewState":{"showFog":true,"showMaterialUpdate":true,"showSkybox":false,"showFlares":true,"showImageEffects":true,"showParticleSystems":true},"in2DMode":false,"pivot":{"x":-9.539999008178711,"y":-1.511199951171875,"z":26.979999542236329},"rotation":{"x":-0.12066803872585297,"y":-0.11620931327342987,"z":0.01436624862253666,"w":-0.9858573079109192},"size":117.8096923828125,"orthographic":false}