{"cameraMode":{"drawMode":0,"name":"Shaded","section":"Shading Mode"},"sceneLighting":false,"audioPlay":false,"sceneViewState":{"showFog":true,"showMaterialUpdate":true,"showSkybox":false,"showFlares":true,"showImageEffects":true,"showParticleSystems":true},"in2DMode":false,"pivot":{"x":2.690000057220459,"y":0.847000002861023,"z":5.300000190734863},"rotation":{"x":-0.00909603200852871,"y":-0.9908946752548218,"z":0.10292786359786987,"w":-0.08758293837308884},"size":3.414663076400757,"orthographic":false}