{"cameraMode":{"drawMode":0,"name":"Shaded","section":"Shading Mode"},"sceneLighting":false,"audioPlay":false,"sceneViewState":{"showFog":true,"showMaterialUpdate":true,"showSkybox":true,"showFlares":true,"showImageEffects":true,"showParticleSystems":true},"in2DMode":false,"pivot":{"x":-24.811864852905275,"y":18.94321632385254,"z":-2.61369252204895},"rotation":{"x":0.15693399310112,"y":0.7530744075775147,"z":-0.1941452920436859,"w":0.6087347269058228},"size":1.475428819656372,"orthographic":false}