{"cameraMode":{"drawMode":0,"name":"Shaded","section":"Shading Mode"},"sceneLighting":true,"audioPlay":false,"sceneViewState":{"showFog":true,"showMaterialUpdate":true,"showSkybox":false,"showFlares":true,"showImageEffects":true,"showParticleSystems":true},"in2DMode":false,"pivot":{"x":26.665889739990236,"y":3.959015130996704,"z":59.28737258911133},"rotation":{"x":-0.00043855735566467047,"y":0.9995234608650208,"z":0.01800537109375,"w":0.0276311244815588},"size":4.281989097595215,"orthographic":false}