{"cameraMode":{"drawMode":0,"name":"Shaded","section":"Shading Mode"},"sceneLighting":false,"audioPlay":false,"sceneViewState":{"showFog":true,"showMaterialUpdate":true,"showSkybox":false,"showFlares":true,"showImageEffects":true,"showParticleSystems":true},"in2DMode":false,"pivot":{"x":26.098373413085939,"y":3.062422275543213,"z":60.324188232421878},"rotation":{"x":-0.003572054672986269,"y":-0.9949055314064026,"z":-0.037332434207201007,"w":0.09384936839342118},"size":3.4635915756225588,"orthographic":false}