{"cameraMode":{"drawMode":0,"name":"Shaded","section":"Shading Mode"},"sceneLighting":false,"audioPlay":false,"sceneViewState":{"showFog":true,"showMaterialUpdate":true,"showSkybox":true,"showFlares":true,"showImageEffects":true,"showParticleSystems":true},"in2DMode":false,"pivot":{"x":2.7100000381469728,"y":8.064000129699707,"z":39.470001220703128},"rotation":{"x":-0.17314039170742036,"y":-0.17915858328342439,"z":0.03204267844557762,"w":-0.9679458737373352},"size":3.4146640300750734,"orthographic":false}