{"cameraMode":{"drawMode":0,"name":"Shaded","section":"Shading Mode"},"sceneLighting":false,"audioPlay":false,"sceneViewState":{"showFog":true,"showMaterialUpdate":true,"showSkybox":false,"showFlares":true,"showImageEffects":true,"showParticleSystems":true},"in2DMode":false,"pivot":{"x":-0.20555071532726289,"y":-2.1153740882873537,"z":-0.6975686550140381},"rotation":{"x":0.19701261818408967,"y":0.7696898579597473,"z":-0.2817983329296112,"w":0.537976086139679},"size":15.699618339538575,"orthographic":false}