{"cameraMode":{"drawMode":0,"name":"Shaded","section":"Shading Mode"},"sceneLighting":false,"audioPlay":false,"sceneViewState":{"showFog":true,"showMaterialUpdate":true,"showSkybox":true,"showFlares":true,"showImageEffects":true,"showParticleSystems":true},"in2DMode":false,"pivot":{"x":3.621234178543091,"y":6.564256191253662,"z":29.944589614868165},"rotation":{"x":-0.034695740789175037,"y":0.8471139669418335,"z":-0.5273405313491821,"w":-0.05573487654328346},"size":4.702085018157959,"orthographic":false}