{"cameraMode":{"drawMode":0,"name":"Shaded","section":"Shading Mode"},"sceneLighting":false,"audioPlay":false,"sceneViewState":{"showFog":true,"showMaterialUpdate":true,"showSkybox":false,"showFlares":true,"showImageEffects":true,"showParticleSystems":true},"in2DMode":false,"pivot":{"x":34.608551025390628,"y":5.423387050628662,"z":59.143856048583987},"rotation":{"x":-0.008637020364403725,"y":-0.9915145039558411,"z":0.09396011382341385,"w":-0.09014557301998139},"size":25.64410972595215,"orthographic":false}