{"cameraMode":{"drawMode":0,"name":"Shaded","section":"Shading Mode"},"sceneLighting":false,"audioPlay":false,"sceneViewState":{"showFog":true,"showMaterialUpdate":true,"showSkybox":true,"showFlares":true,"showImageEffects":true,"showParticleSystems":true},"in2DMode":false,"pivot":{"x":3.9358785152435304,"y":-9.748002052307129,"z":-6.147916793823242},"rotation":{"x":-0.003029108513146639,"y":-0.9832357168197632,"z":0.18195705115795136,"w":-0.01626441814005375},"size":50.358943939208987,"orthographic":false}