{"cameraMode":{"drawMode":0,"name":"Shaded","section":"Shading Mode"},"sceneLighting":true,"audioPlay":false,"sceneViewState":{"showFog":false,"showMaterialUpdate":false,"showSkybox":false,"showFlares":false,"showImageEffects":false,"showParticleSystems":false},"in2DMode":false,"pivot":{"x":26.240503311157228,"y":4.0157318115234379,"z":60.00302505493164},"rotation":{"x":-0.001021925127133727,"y":-0.9961862564086914,"z":0.08687558025121689,"w":-0.010898379608988762},"size":3.002816915512085,"orthographic":false}