{"cameraMode":{"drawMode":0,"name":"Shaded","section":"Shading Mode"},"sceneLighting":true,"audioPlay":false,"sceneViewState":{"showFog":true,"showMaterialUpdate":true,"showSkybox":false,"showFlares":true,"showImageEffects":true,"showParticleSystems":true},"in2DMode":false,"pivot":{"x":27.383800506591798,"y":3.970252513885498,"z":61.02793884277344},"rotation":{"x":-0.03726691007614136,"y":0.8647637963294983,"z":-0.06499927490949631,"w":-0.4967026114463806},"size":1.901562213897705,"orthographic":false}