{"cameraMode":{"drawMode":0,"name":"Shaded","section":"Shading Mode"},"sceneLighting":false,"audioPlay":false,"sceneViewState":{"showFog":true,"showMaterialUpdate":true,"showSkybox":false,"showFlares":true,"showImageEffects":true,"showParticleSystems":true},"in2DMode":false,"pivot":{"x":2.691500425338745,"y":-0.7216500043869019,"z":9.889005661010743},"rotation":{"x":-0.1685902327299118,"y":-0.03759682551026344,"z":0.006405953783541918,"w":-0.9850664138793945},"size":7.415058612823486,"orthographic":false}