{"cameraMode":{"drawMode":0,"name":"Shaded","section":"Shading Mode"},"sceneLighting":false,"audioPlay":false,"sceneViewState":{"showFog":true,"showMaterialUpdate":true,"showSkybox":false,"showFlares":true,"showImageEffects":true,"showParticleSystems":true},"in2DMode":false,"pivot":{"x":0.0,"y":0.3999999761581421,"z":0.40000009536743166},"rotation":{"x":0.011071905493736267,"y":-0.9857082366943359,"z":0.15199442207813264,"w":0.07214581221342087},"size":8.311216354370118,"orthographic":false}