{"cameraMode":{"drawMode":0,"name":"Shaded","section":"Shading Mode"},"sceneLighting":true,"audioPlay":false,"sceneViewState":{"showFog":true,"showMaterialUpdate":true,"showSkybox":false,"showFlares":true,"showImageEffects":true,"showParticleSystems":true},"in2DMode":false,"pivot":{"x":26.197086334228517,"y":3.908883810043335,"z":59.765010833740237},"rotation":{"x":0.002389206551015377,"y":0.9906237721443176,"z":-0.1360548585653305,"w":0.01696947030723095},"size":3.095568895339966,"orthographic":false}