{"cameraMode":{"drawMode":0,"name":"Shaded","section":"Shading Mode"},"sceneLighting":false,"audioPlay":false,"sceneViewState":{"showFog":true,"showMaterialUpdate":true,"showSkybox":false,"showFlares":true,"showImageEffects":true,"showParticleSystems":true},"in2DMode":false,"pivot":{"x":0.12508201599121095,"y":1.4440195560455323,"z":-0.11922001838684082},"rotation":{"x":0.05641412362456322,"y":0.9436179995536804,"z":-0.2354026734828949,"w":0.22594872117042542},"size":17.932025909423829,"orthographic":false}