{"cameraMode":{"drawMode":0,"name":"Shaded","section":"Shading Mode"},"sceneLighting":true,"audioPlay":false,"sceneViewState":{"showFog":true,"showMaterialUpdate":true,"showSkybox":false,"showFlares":true,"showImageEffects":true,"showParticleSystems":true},"in2DMode":false,"pivot":{"x":26.068096160888673,"y":4.429561614990234,"z":60.76496505737305},"rotation":{"x":0.0012235768372192979,"y":0.9979152083396912,"z":-0.06294067949056626,"w":0.018596453592181207},"size":1.8892865180969239,"orthographic":false}