{"cameraMode":{"drawMode":0,"name":"Shaded","section":"Shading Mode"},"sceneLighting":false,"audioPlay":false,"sceneViewState":{"showFog":true,"showMaterialUpdate":true,"showSkybox":false,"showFlares":true,"showImageEffects":true,"showParticleSystems":true},"in2DMode":false,"pivot":{"x":25.979494094848634,"y":3.7314085960388185,"z":59.457218170166019},"rotation":{"x":0.00047780078602954745,"y":0.9967752695083618,"z":-0.08090515434741974,"w":0.005114761181175709},"size":3.254779577255249,"orthographic":false}