{"cameraMode":{"drawMode":0,"name":"Shaded","section":"Shading Mode"},"sceneLighting":false,"audioPlay":false,"sceneViewState":{"showFog":true,"showMaterialUpdate":true,"showSkybox":false,"showFlares":true,"showImageEffects":true,"showParticleSystems":true},"in2DMode":false,"pivot":{"x":0.008351504802703858,"y":-0.09200000762939453,"z":-0.5089943408966065},"rotation":{"x":-0.08357387036085129,"y":-0.01313942950218916,"z":-0.0011000654194504023,"w":0.9964143633842468},"size":2.5811641216278078,"orthographic":false}