{"cameraMode":{"drawMode":0,"name":"Shaded","section":"Shading Mode"},"sceneLighting":true,"audioPlay":false,"sceneViewState":{"showFog":true,"showMaterialUpdate":true,"showSkybox":false,"showFlares":true,"showImageEffects":true,"showParticleSystems":true},"in2DMode":false,"pivot":{"x":26.064592361450197,"y":3.9360251426696779,"z":61.062767028808597},"rotation":{"x":-0.0013536850456148387,"y":0.9955581426620483,"z":-0.014929020777344704,"w":-0.09372254461050034},"size":2.1955690383911135,"orthographic":false}