{"cameraMode":{"drawMode":0,"name":"Shaded","section":"Shading Mode"},"sceneLighting":true,"audioPlay":false,"sceneViewState":{"showFog":false,"showMaterialUpdate":false,"showSkybox":false,"showFlares":false,"showImageEffects":false,"showParticleSystems":false},"in2DMode":false,"pivot":{"x":25.386384963989259,"y":4.269234657287598,"z":62.83391571044922},"rotation":{"x":-0.005670464131981134,"y":-0.9929439425468445,"z":0.05215888470411301,"w":-0.10659433156251908},"size":0.29533058404922488,"orthographic":false}