{"cameraMode":{"drawMode":0,"name":"Shaded","section":"Shading Mode"},"sceneLighting":false,"audioPlay":false,"sceneViewState":{"showFog":true,"showMaterialUpdate":true,"showSkybox":false,"showFlares":true,"showImageEffects":true,"showParticleSystems":true},"in2DMode":false,"pivot":{"x":-2.7279999256134035,"y":8.17710018157959,"z":-3.5699996948242189},"rotation":{"x":-0.05146283656358719,"y":0.8641439080238342,"z":-0.08995158970355988,"w":-0.49263375997543337},"size":7.877917766571045,"orthographic":false}