{"cameraMode":{"drawMode":1,"name":"Wireframe","section":"Shading Mode"},"sceneLighting":false,"audioPlay":false,"sceneViewState":{"showFog":true,"showMaterialUpdate":true,"showSkybox":false,"showFlares":true,"showImageEffects":true,"showParticleSystems":true},"in2DMode":false,"pivot":{"x":25.01991844177246,"y":0.8906084299087524,"z":11.652610778808594},"rotation":{"x":0.16884839534759522,"y":0.21744345128536225,"z":-0.03825848549604416,"w":0.9606262445449829},"size":2.0665204524993898,"orthographic":false}