{"cameraMode":{"drawMode":0,"name":"Shaded","section":"Shading Mode"},"sceneLighting":true,"audioPlay":false,"sceneViewState":{"showFog":false,"showMaterialUpdate":false,"showSkybox":false,"showFlares":false,"showImageEffects":false,"showParticleSystems":false},"in2DMode":false,"pivot":{"x":26.150033950805665,"y":5.304147243499756,"z":60.43720245361328},"rotation":{"x":0.00004797237124876119,"y":-0.9997581839561462,"z":0.022487809881567956,"w":0.005554702132940292},"size":3.401561975479126,"orthographic":false}