{"cameraMode":{"drawMode":0,"name":"Shaded","section":"Shading Mode"},"sceneLighting":true,"audioPlay":false,"sceneViewState":{"showFog":true,"showMaterialUpdate":true,"showSkybox":false,"showFlares":true,"showImageEffects":true,"showParticleSystems":true},"in2DMode":false,"pivot":{"x":33.375083923339847,"y":11.163290023803711,"z":-7.562716484069824},"rotation":{"x":-0.0024736213963478805,"y":-0.9951605200767517,"z":0.09581784904003144,"w":-0.024551698938012124},"size":126.44926452636719,"orthographic":false}