{"cameraMode":{"drawMode":0,"name":"Shaded","section":"Shading Mode"},"sceneLighting":false,"audioPlay":false,"sceneViewState":{"showFog":true,"showMaterialUpdate":true,"showSkybox":false,"showFlares":true,"showImageEffects":true,"showParticleSystems":true},"in2DMode":false,"pivot":{"x":27.597286224365236,"y":9.77271842956543,"z":68.84011840820313},"rotation":{"x":-0.0013077358016744257,"y":-0.994314432144165,"z":0.10628626495599747,"w":-0.011733281426131726},"size":15.513849258422852,"orthographic":false}