{"cameraMode":{"drawMode":0,"name":"Shaded","section":"Shading Mode"},"sceneLighting":false,"audioPlay":false,"sceneViewState":{"showFog":true,"showMaterialUpdate":true,"showSkybox":false,"showFlares":true,"showImageEffects":true,"showParticleSystems":true},"in2DMode":false,"pivot":{"x":-2.629520893096924,"y":0.7876085042953491,"z":3.8606114387512209},"rotation":{"x":-0.5803077220916748,"y":-0.02782708778977394,"z":-0.01986972987651825,"w":0.8137223720550537},"size":4.86660623550415,"orthographic":false}