{"cameraMode":{"drawMode":0,"name":"Shaded","section":"Shading Mode"},"sceneLighting":true,"audioPlay":false,"sceneViewState":{"showFog":false,"showMaterialUpdate":false,"showSkybox":false,"showFlares":false,"showImageEffects":false,"showParticleSystems":false},"in2DMode":false,"pivot":{"x":26.676477432250978,"y":4.080812931060791,"z":61.23664093017578},"rotation":{"x":0.00501939095556736,"y":-0.9937313795089722,"z":0.0507204607129097,"w":0.09976375848054886},"size":1.502817153930664,"orthographic":false}