{"cameraMode":{"drawMode":0,"name":"Shaded","section":"Shading Mode"},"sceneLighting":false,"audioPlay":false,"sceneViewState":{"showFog":true,"showMaterialUpdate":true,"showSkybox":false,"showFlares":true,"showImageEffects":true,"showParticleSystems":true},"in2DMode":false,"pivot":{"x":24.443824768066408,"y":16.95008087158203,"z":58.027099609375},"rotation":{"x":-0.002511631464585662,"y":-0.9976482391357422,"z":-0.04792828857898712,"w":0.050243016332387927},"size":71.7552719116211,"orthographic":false}