{"cameraMode":{"drawMode":0,"name":"Shaded","section":"Shading Mode"},"sceneLighting":false,"audioPlay":false,"sceneViewState":{"showFog":true,"showMaterialUpdate":true,"showSkybox":true,"showFlares":true,"showImageEffects":true,"showParticleSystems":true},"in2DMode":false,"pivot":{"x":-4.864325046539307,"y":-0.12436819076538086,"z":49.90922164916992},"rotation":{"x":0.11665765941143036,"y":0.6884382963180542,"z":-0.11351823061704636,"w":0.7068939805030823},"size":1.9640109539031983,"orthographic":false}