{"cameraMode":{"drawMode":0,"name":"Shaded","section":"Shading Mode"},"sceneLighting":true,"audioPlay":false,"sceneViewState":{"showFog":false,"showMaterialUpdate":false,"showSkybox":false,"showFlares":false,"showImageEffects":false,"showParticleSystems":false},"in2DMode":false,"pivot":{"x":26.102876663208009,"y":4.042514324188232,"z":62.14778137207031},"rotation":{"x":-0.00018476898549124599,"y":-0.9994776248931885,"z":0.032983362674713138,"w":-0.0034417391289025547},"size":0.604669451713562,"orthographic":false}